{"cameraMode":{"drawMode":0,"name":"Shaded","section":"Shading Mode"},"sceneLighting":true,"audioPlay":false,"sceneViewState":{"showFog":true,"showMaterialUpdate":false,"showSkybox":true,"showFlares":true,"showImageEffects":true,"showParticleSystems":true},"in2DMode":false,"pivot":{"x":-0.2339533567428589,"y":1.0980092287063599,"z":-0.22883105278015138},"rotation":{"x":-0.2890143394470215,"y":0.1561950445175171,"z":-0.04785680025815964,"w":-0.9432851672172546},"size":3.3509113788604738,"orthographic":false}