{"cameraMode":{"drawMode":0,"name":"Shaded","section":"Shading Mode"},"sceneLighting":true,"audioPlay":false,"sceneViewState":{"showFog":true,"showMaterialUpdate":false,"showSkybox":true,"showFlares":true,"showImageEffects":true,"showParticleSystems":true},"in2DMode":false,"pivot":{"x":-0.3684554696083069,"y":1.1517338752746583,"z":-0.23624908924102784},"rotation":{"x":-0.2890143394470215,"y":0.1561950445175171,"z":-0.04785680025815964,"w":-0.9432851672172546},"size":1.5509116649627686,"orthographic":false}