{"cameraMode":{"drawMode":0,"name":"Shaded","section":"Shading Mode"},"sceneLighting":true,"audioPlay":false,"sceneViewState":{"showFog":true,"showMaterialUpdate":false,"showSkybox":true,"showFlares":true,"showImageEffects":true,"showParticleSystems":true},"in2DMode":false,"pivot":{"x":-0.19809389114379884,"y":0.42419934272766116,"z":0.06945717334747315},"rotation":{"x":-0.12291665375232697,"y":0.8317109942436218,"z":-0.2038065642118454,"w":-0.501608669757843},"size":2.9864115715026857,"orthographic":false}